Group,Condition,DTW_Distance
NA,NA,56.361279456123064
NA,NA,91.89155416587403
NA,NA,254.4733072206722
NA,NA,37.20557395499111
NA,NA,22.229009105601975
NA,NA,103.46241754776675
NA,NA,65.11595968750893
NA,NA,86.88798984129471
NA,NA,55.503163891203414
NA,NA,66.44378141535019
NA,NA,38.91441215342982
NA,NA,47.89084633490044
NA,NA,237.61733153976385
NA,NA,126.91366051260206
NA,NA,83.35371299925599
NA,NA,44.415862775990874
